,15day,30day
15day,1.0,5.5275634458552364e-08
30day,5.5275634458552364e-08,1.0
