,MSVFaceWearing&Others-0.5,MSVSymptoms&NewNormalProtocols-0.6,MSVSymptoms-0.5,RSVFaceWearing&Others-0.5,RSVSymptoms&NewNormalProtocols-0.5,RSVSymptoms&NewNormalProtocols1-0.6,RSVSymptoms&NewNormalProtocols2-0.6
MSVFaceWearing&Others-0.5,1.0,0.0041219024010626945,1.0,3.209366844156511e-06,1.0,1.0,2.1578675531163037e-05
MSVSymptoms&NewNormalProtocols-0.6,0.0041219024010626945,1.0,0.8755831190559499,1.0,0.004575768592068536,0.04413392564625889,1.0
MSVSymptoms-0.5,1.0,0.8755831190559499,1.0,0.004066731093759993,1.0,1.0,0.017639861514442107
RSVFaceWearing&Others-0.5,3.209366844156511e-06,1.0,0.004066731093759993,1.0,2.194964480664915e-06,4.885663444572154e-05,1.0
RSVSymptoms&NewNormalProtocols-0.5,1.0,0.004575768592068536,1.0,2.194964480664915e-06,1.0,1.0,1.7198061789675346e-05
RSVSymptoms&NewNormalProtocols1-0.6,1.0,0.04413392564625889,1.0,4.885663444572154e-05,1.0,1.0,0.0003062535838124197
RSVSymptoms&NewNormalProtocols2-0.6,2.1578675531163037e-05,1.0,0.017639861514442107,1.0,1.7198061789675346e-05,0.0003062535838124197,1.0
