,MSV,RSV
MSV,1.0,0.04295808289152001
RSV,0.04295808289152001,1.0
