,MSV,RSV
MSV,1.0,6.081522560853563e-42
RSV,6.081522560853563e-42,1.0
